"Title","Slug","Category","Excerpt","Lead","Content","Date","Reading time"
"Uttagsstrategi: så tar du ut pengarna smartast","uttagsstrategi-nar-pensionen-borjar","Premium","Livsvarigt eller på tio år? Ordningen du tar ut din pension i påverkar skatten mer än de flesta tror.","När sparandet är klart börjar den svåraste delen: att ta ut pengarna. Uttagstiden påverkar både skatten och hur länge pengarna räcker.","<h2>Livsvarigt eller tidsbegränsat</h2>
<p>Ett tioårigt uttag ger högre månadsbelopp i början men riskerar att ta slut. Livsvarigt uttag ger trygghet men lägre belopp per månad.</p>
<h2>Skatten styr ordningen</h2>
<p>Pension beskattas som inkomst. Tar du ut allmän pension, tjänstepension och privat pension samtidigt kan du hamna över gränsen för statlig inkomstskatt. Genom att sprida uttagen över fler år undviker du ofta den toppen.</p>
<h2>En tumregel i fyra steg</h2>
<ol>
<li>Skjut upp den allmänna pensionen så länge du kan leva på annat.</li>
<li>Ta ut tjänstepensionen över minst 15 år om du inte behöver pengarna direkt.</li>
<li>Använd ISK-kapital till toppar och engångsutgifter.</li>
<li>Räkna om planen vart tredje år.</li>
</ol>
<h2>Jobbskatteavdraget efter 66</h2>
<p>Fortsätter du arbeta efter det år du fyller 66 får du både förhöjt jobbskatteavdrag och högre grundavdrag. För många är ett extra arbetsår den enskilt mest lönsamma pensionsåtgärden.</p>","2026-09-10","11"
"Avgifterna som äter upp din pension","avgifter-som-ater-upp-din-pension","Premium","En avgift på 1,2 procent låter lite. Över 35 år kan den kosta dig mer än en årslön.","Avgifter är den enda faktorn i ditt pensionssparande som du vet säkert på förhand. Avkastningen kan du inte styra – men avgiften kan du.","<h2>Räkneexemplet som förändrar allt</h2>
<p>Anta 500 000 kronor i kapital, 2 000 kronor i månadssparande, 35 år kvar och 7 procents avkastning före avgifter.</p>
<ul>
<li>Med 0,2 procent i avgift: cirka 8,9 miljoner kronor.</li>
<li>Med 1,2 procent i avgift: cirka 7,0 miljoner kronor.</li>
</ul>
<p>Skillnaden – nästan två miljoner kronor – är ren avgiftskostnad.</p>
<h2>Avgifter du bör leta efter</h2>
<ul><li><strong>Fondavgift</strong> – Vad det är: Förvaltningsavgift i fonden. Rimlig nivå: 0,2–0,4 % för indexfond.</li><li><strong>Kapitalavgift</strong> – Vad det är: Försäkringsbolagets avgift på kapitalet. Rimlig nivå: 0–0,3 %.</li><li><strong>Fast avgift</strong> – Vad det är: Kronor per år. Rimlig nivå: 0–200 kr.</li></ul>
<h2>Så sänker du dem</h2>
<p>Flytta gamla pensionsförsäkringar till en billigare förvaltare, välj indexnära fonder i premiepensionen och samla ditt privata sparande i ISK med låg avgift. Använd vår ränta-på-ränta-kalkylator för att se effekten på just ditt sparande.</p>","2026-09-06","9"
"Tjänstepensionen – det du bör veta","tjanstepension-det-du-bor-veta","Tjänstepension","Tjänstepensionen kan stå för en tredjedel av din pension. Här är avgifterna och valen som betyder mest.","Ungefär nio av tio anställda i Sverige har tjänstepension. Skillnaden mellan ett bra och ett dåligt val kan handla om hundratusentals kronor över ett arbetsliv.","<h2>Varför tjänstepensionen är avgörande</h2>
<p>För många motsvarar tjänstepensionen 25–35 procent av den totala pensionen. Den betalas av arbetsgivaren, men valen gör du själv.</p>
<h2>Tre val som betyder mest</h2>
<ol>
<li><strong>Fondval eller traditionell försäkring.</strong> Fondförsäkring ger högre förväntad avkastning men större svängningar.</li>
<li><strong>Avgiften.</strong> Skillnaden mellan 0,2 och 1,0 procent i årlig avgift är enorm över tid.</li>
<li><strong>Återbetalningsskydd.</strong> Det ger efterlevande trygghet men sänker din egen pension.</li>
</ol>
<h2>Byter du jobb?</h2>
<p>Kontrollera alltid om den nya arbetsgivaren har kollektivavtal. Saknas tjänstepension bör du kompensera med eget sparande – ofta 4,5 procent av lönen som tumregel.</p>","2026-08-31","6"
"Så fungerar din allmänna pension","sa-fungerar-din-allmanna-pension","Grunderna","En genomgång av inkomstpension, premiepension och garantipension – och vad som faktiskt styr din slutliga utbetalning.","Den allmänna pensionen är grunden i det svenska pensionssystemet. Varje år avsätts 18,5 procent av din pensionsgrundande inkomst, varav 16 procent går till inkomstpensionen och 2,5 procent till premiepensionen.","<h2>Tre delar i en</h2>
<p>Den allmänna pensionen består av inkomstpension, premiepension och – för den som haft låg eller ingen inkomst – garantipension.</p>
<h3>Inkomstpension</h3>
<p>16 procent av din pensionsgrundande inkomst bokförs på ditt inkomstpensionskonto. Pengarna placeras inte på börsen utan räknas upp med inkomstindex, det vill säga löneutvecklingen i Sverige.</p>
<h3>Premiepension</h3>
<p>2,5 procent placeras i fonder som du själv väljer. Gör du inget val hamnar pengarna i AP7 Såfa, som historiskt varit ett både billigt och starkt alternativ.</p>
<h3>Garantipension</h3>
<p>Ett grundskydd för den som haft låg livsinkomst. Den trappas av mot inkomstpensionen.</p>
<h2>Vad du kan påverka</h2>
<p>Tre saker styr storleken: hur mycket du tjänar, hur länge du arbetar och när du börjar ta ut pensionen. Ett års senare uttag ökar den livsvariga utbetalningen märkbart.</p>","2026-08-23","7"
